datetime,X_gyro,Y_gyro,Z_gyro,X_acc,Y_acc,Z_acc,X_comp,Y_comp,Z_comp,BPM,Label
36:02.9,-0.058071624,0.080373682,-0.00353215,-0.224121094,-0.045410156,0.745605469,12.91801834,-6.561529636,33.5078392,#N/A,0
36:03.1,0.032121275,0.032590386,0.105708875,-0.182617188,0.105712891,0.865966797,14.47194672,-6.932340145,34.63519287,#N/A,0
36:03.3,-0.15994674,0.011264224,0.011049677,-0.220458984,0.064697266,0.953857422,15.78054619,-6.15793705,35.68768692,#N/A,0
36:03.5,0.10635981,-0.119749501,0.087451056,-0.240478516,0.112304688,0.897949219,16.14204597,-6.306631565,36.1870575,0,0
36:03.7,0.269645572,-0.132940412,0.172458768,-0.158447266,0.100585938,0.674560547,18.23903275,-5.541471481,35.25787354,0,0
36:03.9,0.177590102,-0.050995067,0.216624111,-0.089111328,0.024169922,0.887207031,20.22190475,-4.075494289,33.22148514,0,0
36:04.1,-0.126246154,0.088418424,0.331028312,-0.116210938,0.024169922,1.030273438,20.83615875,-3.406193495,32.53409958,0,0
36:04.3,-0.381660193,-0.07015112,0.208642423,-0.063232422,0.026855469,1.015136719,21.18614197,-3.690937042,32.92142868,0,0
36:04.5,-0.472119302,0.095867999,-0.041450471,-0.240234375,-0.082763672,1.014160156,20.1631794,-4.354118347,34.67132568,237,0
36:04.7,-0.365164697,-0.17231673,0.037834302,-0.107421875,-0.141845703,0.911621094,18.5551796,-5.873934269,37.91528702,237,0
36:04.9,0.229205027,-0.204243481,0.226734251,-0.149902344,-0.031738281,1.539306641,19.25953674,-7.367605209,39.88082123,237,0
36:05.2,0.857097805,0.080436736,-0.262277186,-0.096679688,-0.352539063,1.082275391,19.5077858,-7.322845936,38.4905777,237,0
36:05.3,-0.072457872,0.141828105,-0.489384145,-0.169921875,-0.129150391,0.750732422,19.53523254,-5.60687542,36.20410156,237,0
36:05.5,-0.184201524,-0.066227898,-0.299419969,-0.146728516,0.115966797,0.720214844,17.68053818,-6.885500431,37.13456345,235,0
36:05.7,0.015490329,0.06415201,-0.087604553,-0.208740234,-0.005371094,0.951171875,15.58286285,-7.405189991,38.14448929,235,0
36:06.0,0.333433002,-0.081999272,0.150552541,-0.214355469,0.033203125,0.905517578,16.0830574,-8.624899864,39.23796082,235,0
36:06.2,0.026936181,-0.112329692,0.575178385,-0.186523438,0.099609375,0.962646484,17.96475601,-7.474663734,37.58899307,235,0
36:06.4,0.447837204,-0.246954173,0.312846869,-0.058837891,0.222412109,0.698486328,20.55094528,-5.752075672,36.25650406,235,0
36:06.6,0.078018986,-0.149045467,0.070203543,-0.125488281,-0.069091797,0.996337891,22.39139938,-4.312311172,35.00320053,235,0
36:06.8,-0.346231371,0.225458309,0.083704486,-0.153808594,-0.054443359,1.005371094,21.78145409,-4.602564812,33.88519287,235,0
36:07.0,-0.643682241,0.229183093,0.155007571,-0.057128906,-0.23828125,0.952880859,18.87017059,-5.142799854,35.51418686,235,0
36:07.2,-0.465956688,-0.15340583,-0.37976554,-0.249755859,-0.224609375,0.981689453,18.01844025,-7.931083679,38.85366821,235,0
36:07.4,-0.525021136,0.116907343,-0.380829781,-0.087890625,-0.270263672,0.941162109,16.51917839,-10.60472965,42.12234116,235,0
36:07.6,0.016669402,-0.01292812,-0.460646659,-0.156738281,-0.382568359,1.130859375,15.9557209,-12.9688282,44.61373901,143,0
36:07.8,1.167628884,-0.134249777,0.134787291,-0.140869141,-0.353515625,1.439941406,16.21793365,-10.9846487,43.36666107,143,0
36:08.0,0.575919688,0.025916096,0.375834286,-0.066894531,-0.34375,0.869140625,17.97919273,-7.140369892,37.83452225,143,0
36:08.2,-0.29355222,0.04400792,-0.607509732,-0.138916016,-0.110595703,0.77734375,20.12226868,-5.437245846,35.67039108,143,0
36:08.4,0.040614463,-0.005478545,-0.309526682,-0.079345703,0.074707031,0.717529297,18.30960655,-7.817592144,38.30206299,143,0
36:08.6,0.032397792,0.041806333,-0.248600528,-0.135009766,-0.123046875,1.036132813,18.26642036,-8.649914742,39.64273453,118,0
36:08.8,0.076563135,-0.093350261,0.500613928,-0.119140625,-0.060791016,0.962402344,16.88330269,-8.571576118,39.52499771,118,0
36:09.0,0.182724699,-0.183768824,0.16473183,-0.079101563,0.073974609,0.851074219,17.95872498,-8.759488106,39.22861099,118,0
36:09.2,0.477515042,-0.193878964,0.37970528,-0.112060547,-0.141601563,0.866210938,19.82534218,-6.964859962,38.27807236,118,0
36:09.4,0.15239428,0.094526038,0.606917322,-0.039306641,-0.09375,0.958007813,22.4141655,-5.110030174,35.06318283,118,0
36:09.6,-0.017881734,0.112617865,0.201979712,-0.068847656,-0.039794922,1.032226563,24.52269936,-4.255497456,34.44434738,108,0
36:09.8,-0.320983231,0.180334583,-0.22283724,-0.077636719,-0.078613281,1.052246094,23.99736977,-3.211252213,35.0981102,108,0
36:10.0,-0.256065518,0.17182079,-0.215919778,-0.038330078,-0.096923828,1.07421875,23.00900459,-4.410366535,37.97246933,108,0
36:10.2,-0.059315629,-0.113255672,0.012058761,-0.130859375,-0.145996094,1.275390625,22.10567284,-5.257401466,40.43727493,108,0
36:10.4,0.713251352,-0.151189923,-0.463775009,-0.089355469,-0.220947266,1.341796875,23.28701782,-5.482219696,38.89006805,108,0
36:10.6,0.164643332,0.111141577,-0.604252696,-0.138427734,-0.339111328,0.918945313,20.95582962,-4.816664219,36.31698227,86,0
36:10.8,-0.279246658,0.202031434,-0.56290859,-0.075683594,-0.152587891,0.728027344,19.75001526,-7.02780962,36.33464432,86,0
36:11.0,-0.027557403,0.032819636,-0.369751692,-0.167480469,-0.091308594,0.824462891,17.52164268,-8.494085312,39.12469482,86,0
36:11.2,0.075140312,0.045058228,0.548674524,-0.098388672,0.4609375,0.504638672,17.52989006,-9.604724884,40.12551117,86,0
36:11.4,-0.03636986,-0.091892093,0.148881003,-0.144775391,-0.019775391,0.961181641,16.53963852,-9.276528358,40.01415634,86,0
36:11.6,0.293175906,-0.205983177,0.162434414,-0.137451172,-0.030273438,0.849609375,16.4580307,-10.42583084,39.64652634,86,0
36:11.8,0.425139815,-0.22460711,0.37900424,-0.03515625,-0.132080078,0.857666016,19.48277664,-7.433317184,37.00696945,86,0
36:12.0,0.003706692,0.050495081,0.504050672,-0.085449219,-0.037353516,1.035400391,22.06960869,-4.687662601,34.49513245,86,0
36:12.2,-0.181468487,0.173945189,0.400288701,0.002197266,-0.087646484,1.126708984,23.53321075,-4.385909081,34.59284592,86,0
36:12.4,-0.531598508,0.279835612,0.020360369,-0.024169922,-0.041748047,1.051757813,24.16238785,-4.160839081,35.16753387,86,0
36:12.6,-0.352808714,0.171816736,-0.254209697,-0.130859375,-0.195068359,1.060546875,22.10224342,-5.885124683,39.50058746,71,0
36:12.8,-0.006651212,0.046301462,-0.080180123,-0.142578125,-0.167236328,1.1484375,20.68717957,-6.654145241,41.49528503,71,0
36:13.0,0.643141389,-0.289632767,-0.017491728,-0.184326172,-0.309082031,1.311279297,19.59045792,-6.727524757,40.19643784,71,0
36:13.2,0.250974447,0.030166863,-0.504374743,-0.194580078,-0.333007813,0.939208984,19.66590691,-6.767145157,38.07135773,71,0
36:13.4,-0.173651367,-0.053374812,-0.385181487,-0.116699219,-0.116455078,0.717773438,19.66728401,-6.862582684,36.75317001,71,0
36:13.6,0.020569708,-0.137448594,-0.379860371,-0.135498047,-0.026123047,0.883789063,18.18504333,-8.747354507,39.31302261,71,0
36:13.8,0.042213738,0.051499777,-0.115585968,-0.084960938,-0.016601563,0.975830078,18.00595856,-9.911893845,39.93956757,71,0
36:14.0,0.071193591,0.145953804,-0.377837241,-0.097167969,-0.083496094,0.795654297,17.5507412,-9.141601563,39.15372849,71,0
36:14.2,-0.054667607,-0.06615071,0.026764516,-0.100585938,-0.032470703,0.865722656,17.96216774,-9.186723709,39.70081329,71,0
36:14.4,0.416006833,-0.244060591,0.400176048,-0.128417969,-0.119873047,0.969482422,17.24242783,-8.398589134,38.83305359,71,0
36:14.6,0.284575015,-0.067399219,0.211276069,-0.005126953,-0.086181641,0.763183594,20.75745964,-6.218122482,36.95975494,62,0
36:14.8,-0.251262307,-0.062610209,0.369845629,-0.060058594,-0.004638672,1.021484375,21.12651062,-3.986566544,33.48755264,62,0
36:15.0,-0.086824186,0.132593855,-0.063326716,-0.029785156,-0.157958984,1.014404297,21.61699104,-4.749550819,34.47571182,62,0
36:15.2,-0.698860407,0.242809311,-0.405942976,0.083007813,-0.110107422,0.9296875,22.13601494,-4.368937492,36.28927231,62,0
36:15.4,-0.429079384,-0.129669473,0.243766472,-0.123779297,-0.053222656,1.288330078,20.37545586,-6.849875927,41.73163605,62,0
36:15.6,0.304171711,0.253983676,-0.083482757,-0.014648438,-0.279296875,1.153320313,20.33903313,-7.935516834,43.36608124,56,0
36:15.8,0.718687415,-0.098274834,-0.612402618,-0.041748047,-0.234375,1.193359375,19.38609123,-7.32870388,40.71071625,56,0
36:16.0,0.287676245,0.232699171,0.234720558,-0.055908203,-0.233154297,0.909423828,17.97145844,-6.284534454,37.15588379,56,0
36:16.2,-0.347622722,0.069397673,-0.052699342,-0.074951172,-0.067382813,0.796630859,19.41182709,-6.344154835,36.56320953,56,0
36:16.4,0.010489019,-0.017336672,-0.228296489,-0.118408203,0.057373047,0.897705078,19.36480522,-8.036839485,38.55038452,56,0
36:16.6,-0.103334561,0.153000295,-0.325740218,-0.105224609,-0.106689453,1.021728516,18.30121231,-8.322010994,38.59080124,51,0
36:16.8,-0.653646111,-0.303971022,0.435807019,-0.091308594,0.219726563,1.152587891,17.44446182,-8.943332672,39.12702942,51,0
36:17.0,0.084317423,-0.046814181,0.007015642,-0.122314453,-0.043945313,0.890136719,17.44104385,-9.571641922,39.54908752,51,0
36:17.2,0.482280463,-0.146402851,0.33096081,-0.073730469,-0.006591797,0.720214844,17.02865601,-8.542263031,38.02312088,51,0
36:17.4,0.220481083,-0.143210188,0.389493197,-0.052246094,-0.15625,0.959960938,19.39395523,-6.354519367,36.12706375,51,0
36:17.6,-0.117387675,0.048495963,0.256175369,-0.088623047,-0.079101563,1.014404297,20.03941154,-5.541356564,34.36502457,58,0
36:17.8,-0.252544254,0.230478451,0.358340979,-0.070068359,-0.089355469,1.053710938,20.07480621,-5.005714893,34.63018799,58,0
36:18.0,-0.424948722,0.044239063,0.437093616,-0.069335938,-0.168945313,1.029541016,19.99817657,-5.121220589,35.85759735,58,0
36:18.2,-0.745812595,-0.053669643,-0.174835801,-0.0859375,-0.150390625,1.155517578,20.61486244,-5.749618053,40.15957642,58,0
36:18.4,-0.541481376,16.35934067,-4.496654034,-2.124755859,3.562011719,6.437988281,20.14172173,-7.962315559,43.26822662,58,0
36:18.6,3.953805685,5.462741375,7.627530575,-2.876464844,-1.499755859,-7.375732422,16.95750999,-9.13637352,42.49796295,61,0
36:18.8,0.412596434,-16.87693977,8.992399216,0.999755859,-1.437744141,2.687744141,17.72956276,-6.958666801,38.45250702,61,0
36:19.0,17.16775703,9.139638901,15.66828346,-2.936767578,-5.438232422,-4.249511719,18.38338852,-7.753213406,38.13344955,61,0
36:19.2,3.13754487,2.328598261,9.675100327,-3.374511719,-4.5,3.625244141,16.32692146,-9.997823715,40.16598511,61,0
36:19.4,-2.992391586,-10.47722244,0.002357668,-6.3125,-5.250244141,-4.9375,17.13427734,-10.4454174,40.85103226,61,0
36:19.6,16.35096359,-5.707897663,-15.79925632,2.812011719,0.437255859,6.062011719,17.68372345,-9.674517632,40.80233002,83,0
36:19.8,3.954337597,-15.10873032,8.992931366,-7.500488281,-7.75,-1.812744141,18.74431038,-8.517193794,40.20695114,83,0
36:20.0,-14.57169342,-7.207922935,1.909981132,-7.250976563,0.125244141,-3.375732422,19.77396011,-7.027198315,37.07045364,83,0
36:20.2,-0.677702188,-3.257519245,-10.75961876,4.000244141,-7,1.811767578,21.17888451,-4.373944759,33.9424324,83,0
36:20.4,-11.71158791,1.918871641,-7.900045872,-5.936767578,-0.687988281,-2.000244141,21.47633362,-5.26977253,34.42061615,83,0
36:20.6,-10.75804234,12.95435333,9.809192657,2.813476563,4.249511719,2.500244141,20.38883591,-6.026916981,36.5070343,132,0
36:20.8,9.403169632,-3.665117502,-8.308708191,2.125976563,-1.250244141,-6.437744141,19.48816872,-7.381493092,38.98737717,132,0
36:21.0,-9.939653397,12.27431393,4.084724903,-0.749511719,2.937011719,3.187744141,18.10755539,-8.179409027,42.17526627,132,0
36:21.2,3.000792027,-3.935962677,-11.30716228,-0.563964844,7.437011719,2.375488281,16.76355934,-8.829790115,41.48542023,132,0
36:21.4,-11.43701839,-11.97352314,3.40681386,-1.313720703,3.624511719,-5.938476563,17.16108704,-6.267223835,36.92120361,132,0
36:21.6,-0.058323182,-0.010036416,-0.044468235,-0.153076172,0.022460938,0.746337891,19.29700089,-5.66041851,33.77541733,132,0
36:21.8,-0.331829041,0.117670596,-0.564342201,-0.273681641,-0.104736328,0.815673828,18.94279099,-5.907301903,36.09762573,132,0
36:22.0,-0.013577949,0.017586399,-0.110154882,-0.139648438,0.012451172,0.951171875,17.13073349,-6.665225029,37.59552383,132,0
36:22.2,0.105435491,0.015572848,0.011673681,-0.179199219,0.087158203,0.922607422,16.42740822,-7.369186401,37.64045715,132,0
36:22.4,0.170178264,-0.114471182,0.252798378,-0.242919922,0.071777344,0.942871094,16.08312035,-7.717943668,37.43579865,132,0
36:22.6,0.301077962,-0.31241703,-0.059551679,-0.115722656,0.160888672,0.770019531,17.77685356,-6.201295376,36.01070786,146,0
36:22.8,0.378766388,-0.345940113,0.248009384,-0.085449219,0.077880859,0.776611328,18.32306862,-4.038352013,32.86948776,146,0
36:23.0,-0.399714261,-0.082012318,0.458193839,-0.030273438,-0.037597656,1.061035156,18.64317131,-3.524868727,31.61155701,146,0
36:23.2,-0.298080772,-0.24004975,0.505019724,-0.116210938,-0.087646484,1.114990234,19.41983223,-4.447746754,33.89998627,146,0
36:23.4,-0.554026961,0.13934651,0.115513347,0.036865234,-0.069335938,1.094238281,20.58226585,-4.667476654,36.24777222,146,0
36:23.6,-0.680669725,0.296851844,-0.308048218,-0.030273438,-0.224609375,1.059082031,19.12989998,-6.467849255,40.33446121,158,0
36:23.8,0.317573428,0.0286671,0.008558728,-0.12109375,-0.270019531,1.126464844,16.90299034,-8.641807556,44.21063995,158,0
36:24.0,0.917796373,-0.261866331,0.009622954,-0.096923828,-0.120849609,1.331542969,16.71330452,-7.001719952,40.26739502,158,0
36:24.2,0.345775396,-0.072966404,-0.08668942,-0.088378906,-0.267333984,0.921630859,15.70403385,-6.775845051,35.90852356,158,0
36:24.4,-0.149638325,-0.052861203,-0.114011928,-0.074462891,-0.114990234,0.776611328,17.19393158,-6.668401718,35.30065536,158,0
36:24.6,-0.237969011,-0.008163748,-0.373150736,-0.069091797,0.107910156,0.750732422,17.71439743,-6.337342739,36.72576904,167,0
36:24.8,0.011591,0.015611263,0.158819363,-0.057128906,-0.004638672,1.024169922,16.7130394,-7.813677311,37.97277451,167,0
36:25.0,0.04458198,-0.020040279,-0.150338024,-0.123291016,-0.055908203,0.831787109,16.19939041,-8.29542923,37.89128494,167,0
36:25.2,0.153154433,-0.119432934,0.399925828,-0.048339844,0.067871094,0.922363281,18.08955383,-8.293057442,38.22080612,167,0
36:25.4,0.428256601,-0.227451771,0.492513418,-0.069580078,0.054931641,0.822998047,19.08786964,-5.801499844,36.24332809,167,0
36:25.6,0.162732452,-0.016735215,0.262108684,-0.015380859,-0.039306641,0.865234375,22.32815933,-3.057718992,33.74090958,173,0
36:25.8,-0.146832973,0.021198006,0.097402774,-0.020263672,0.027832031,1.042480469,23.30857658,-4.067789555,32.89846802,173,0
36:26.0,-0.385675311,0.355450094,-0.076137073,-0.010009766,0.018798828,1.048583984,22.95346642,-3.329521179,33.11421585,173,0
36:26.2,-0.576171577,0.121320583,-0.297495902,-0.052978516,-0.009277344,1.050537109,21.68507195,-3.805895805,35.67299271,173,0
36:26.4,-0.362262338,0.040439487,-0.01760469,-0.056396484,0.004638672,1.190429688,20.28232574,-5.522285938,39.57553101,173,0
36:26.6,0.703559101,-0.065450914,-0.186816469,0.008056641,-0.145019531,1.345214844,19.47116852,-7.332042694,40.52858734,135,0
36:26.8,0.693448961,0.050017513,-0.456065446,-0.109863281,-0.221679688,1.062744141,19.02038956,-5.376604557,36.62924576,135,0
36:27.0,-0.074277356,-0.044948421,-0.318262905,0.048583984,0.061523438,0.809570313,1486.983276,1503.717896,-1353.134521,135,0
36:27.2,-0.4834719,0.074244782,-0.236849681,-0.104248047,0.104492188,0.70703125,3778.929932,3836.69873,-3537.159424,135,0
36:27.4,-0.161972195,0.091150217,-0.15422976,-0.023193359,0.074462891,0.88671875,3840.287842,3899.801025,-3572.412109,135,0
36:27.6,-0.008176344,-0.12465398,-0.21782583,-0.147949219,-0.344726563,1.013183594,3837.243652,3900.932617,-3565.004395,120,0
36:27.8,0.169549242,-0.069314271,0.483498514,-0.03125,0.106689453,0.858886719,3844.192383,3901.637939,-3566.040283,120,0
36:28.0,0.376541048,-0.267260164,0.693682969,-0.083984375,-0.016601563,0.900634766,3860.849609,3901.968262,-3579.7229,120,0
36:28.2,0.124851793,-0.028873719,0.382397115,-0.009277344,-0.150390625,0.927978516,3884.808594,3905.394287,-3607.477783,120,0
36:28.4,-0.437059045,0.15789777,-0.185366958,-0.057617188,-0.121826172,0.985107422,3887.711182,3905.583008,-3607.955078,120,0
36:28.6,-0.774418414,0.38298139,-0.805278063,-0.053955078,-0.155029297,0.939453125,3881.651611,3904.908691,-3594.340088,114,0
36:28.8,-0.82177645,0.336155474,-0.621699274,-0.114257813,-0.191650391,1.266357422,3851.165527,3902.068848,-3543.491943,114,0
36:29.0,1.295196295,-0.152666658,0.722011387,-0.081054688,-0.332275391,1.384033203,3836.740234,3898.866455,-3514.110107,114,0
36:29.2,0.990295887,-0.132446378,-0.14213942,-0.135498047,-0.162597656,1.024658203,3850.494629,3903.556152,-3575.076172,114,0
36:29.4,0.028236385,-0.043583587,-0.278360248,-0.081298828,0.026367188,0.898681641,3851.168945,3905.516602,-3611.227295,114,0
36:29.6,-0.496958703,0.082527086,-0.555590868,-0.142089844,-0.075195313,0.775878906,3837.987305,3903.370117,-3600.304688,99,0
36:29.8,-0.051853877,0.014884929,-0.051594369,-0.146972656,0.029052734,0.915039063,3831.181885,3901.281006,-3565.9729,99,0
36:30.0,0.058293425,0.022334503,0.217654586,-0.117919922,-0.164306641,0.83203125,3841.243896,3901.270264,-3563.649902,99,0
36:30.2,-0.023651909,-0.032473087,0.402297646,-0.073730469,0.054931641,0.876464844,3848.323975,3901.345459,-3565.097412,99,0
36:30.4,0.447267681,-0.199556425,0.228828937,-0.100097656,-0.021484375,0.862792969,3862.720459,3901.963379,-3574.228516,99,0
36:30.6,0.167908609,-0.10164772,0.266608953,-0.07421875,-0.038818359,0.836181641,3874.295166,3903.235352,-3597.633057,94,0
36:30.8,-0.345580012,0.124500118,0.081965886,-0.053222656,-0.088134766,1.018066406,3877.465088,3903.961182,-3605.942383,94,0
36:31.0,-0.376974642,0.142591953,-0.013814375,-0.078369141,-0.08203125,1.094970703,3871.176514,3904.019287,-3599.888428,94,0
36:31.2,-0.390809566,0.164408565,-0.405981302,-0.109130859,-0.232421875,1.000976563,3858.292236,3902.562988,-3564.92627,94,0
36:31.4,-0.26150623,0.008499579,-0.236769527,-0.086669922,-0.168945313,1.079589844,3844.002197,3901.207031,-3546.651611,94,0
36:31.6,0.425599575,-0.029913731,0.218895718,-0.126953125,-0.210205078,1.312255859,3836.687256,3900.377197,-3534.221436,94,0
36:31.8,0.638976693,-0.063968934,-0.633016467,-0.134765625,-0.221679688,1.204345703,3848.45166,3902.294189,-3566.962402,94,0
36:32.0,-0.12354058,-0.126758218,0.072032653,-0.003417969,-0.081298828,0.832519531,3857.920898,3903.567139,-3586.676758,94,0
36:32.2,-0.403865546,-0.040969916,-0.787949324,-0.126464844,-0.077880859,0.715332031,3855.706787,3902.197998,-3579.016602,94,0
36:32.4,0.042576883,0.093654558,-0.062147811,-0.022705078,0.007080078,0.808349609,3848.208496,3900.568359,-3559.06958,94,0
36:32.7,0.244804367,1.13E-05,0.228478655,-0.07421875,0.064453125,1.016357422,3841.187988,3900.698975,-3559.379395,75,0
36:32.9,0.128604293,-0.134183943,0.452941924,-0.107666016,0.055908203,0.983886719,3854.606934,3901.25,-3560.455322,75,0
36:33.1,0.467027903,-0.154404223,0.397602201,-0.033935547,0.150390625,0.815185547,3865.076172,3902.669678,-3579.055664,75,0
36:33.3,0.395192683,-0.08948648,0.015013296,0.009033203,-0.046875,0.845214844,3883.758545,3905.3396,-3616.384521,75,0
36:33.5,-0.298682064,0.460717916,0.000646257,-0.036865234,-0.010253906,0.933349609,3882.973145,3906.289063,-3635.345947,75,0
36:33.7,-0.653069019,0.30001992,-0.035537396,-0.037841797,-0.090087891,1.185546875,3864.780762,3905.889404,-3609.871338,75,0
36:33.9,-0.585490763,-0.08469747,-0.429300696,-0.187744141,-0.212646484,1.065673828,3834.221436,3903.142578,-3572.162598,75,0
36:34.1,0.572991371,0.091350317,0.13960743,-0.119140625,-0.098632813,1.375244141,3821.802734,3900.492432,-3540.858643,75,0
36:34.3,0.526165426,-0.076265126,-0.155715033,-0.169433594,-0.153076172,1.217529297,3832.991699,3902.951172,-3584.542725,75,0
36:34.5,0.0371744,-0.028875932,0.039319199,-0.124755859,-0.046142578,0.830810547,3837.068115,3904.481445,-3607.411865,75,0
36:34.7,-0.409659773,0.131205842,-0.310843974,-0.094970703,-0.03515625,0.721435547,3848.348633,3903.527588,-3595.41626,67,0
36:34.9,0.051757671,-0.087167792,-0.031553194,-0.098876953,0.165771484,0.860595703,3841.813965,3901.922607,-3575.232422,67,0
36:35.1,-0.068499766,0.05597049,0.002502006,-0.189941406,-0.395263672,0.967529297,3843.990723,3902.422119,-3570.397949,67,0
36:35.3,0.0856748,-0.206940368,0.302816063,-0.03125,0.129394531,0.886962891,3850.357422,3901.180176,-3566.906006,67,0
36:35.5,0.292666584,-0.097857296,0.458725035,-0.062255859,-0.020751953,0.86328125,3866.14209,3902.673584,-3579.385742,67,0
36:35.7,-0.01063757,0.113391384,0.354430974,-0.026123047,-0.090576172,1.003173828,3871.912598,3904.808838,-3607.060547,71,0
36:35.9,-0.425381243,0.16725111,-0.079966679,-0.131347656,-0.050537109,0.971191406,3868.523926,3904.212646,-3610.836426,71,0
36:36.1,-0.462629139,0.386481464,0.089777216,-0.093994141,-0.096679688,1.061767578,3847.648926,3903.620361,-3591.081299,71,0
36:36.3,-0.446665764,-0.132860377,-0.416261822,-0.195068359,-0.177490234,0.991699219,3834.545654,3901.130371,-3557.464844,71,0
36:36.5,0.00168782,-0.043764345,-0.005841888,-0.185058594,-0.180908203,1.283203125,3828.896729,3899.41748,-3527.37207,71,0
36:36.7,1.062660336,-0.404200107,0.056966349,-0.038330078,-0.186035156,1.349365234,3833.987549,3901.08667,-3546.710449,71,0
36:36.9,0.439556539,-0.143997088,0.363463193,-0.136230469,-0.224853516,0.893554688,3843.503418,3903.077393,-3584.743896,71,0
36:37.1,-0.321896523,-0.104088649,-0.525164783,-0.049560547,-0.062744141,0.708251953,3864.893555,3903.421143,-3589.752686,71,0
36:37.3,-0.181950912,0.128444538,-0.125016138,-0.052734375,-0.035644531,0.874267578,3857.259033,3901.806396,-3565.453613,71,0
36:37.5,0.000216999,0.109695129,0.060004242,-0.073486328,-0.034423828,1.025634766,3846.685547,3901.537842,-3562.970459,71,0
36:37.7,-0.034370318,0.103841893,0.243050948,-0.039794922,0.048583984,0.942138672,3858.70459,3902.195068,-3570.561035,81,0
36:37.9,0.368722141,-0.018430524,0.07198298,-0.091308594,0.0546875,0.821044922,3869.984131,3902.659668,-3570.493896,81,0
36:38.1,0.267620742,-0.151990771,-0.024861507,-0.020996094,-0.044921875,0.889160156,3864.388916,3903.919678,-3598.677246,81,0
36:38.3,-0.291683465,0.149987444,0.122928441,-0.090576172,-0.171386719,1.010253906,3856.941406,3904.703125,-3609.677734,81,0
36:38.5,-0.693960547,0.349529654,-0.04575124,-0.217285156,-0.131835938,1.084960938,3840.06665,3903.725098,-3593.9104,81,0
36:38.7,-0.463555813,0.147858992,-0.573074758,-0.098632813,-0.201171875,1.141601563,3828.477783,3901.506348,-3559.136963,154,0
36:38.9,0.239896968,-0.233133599,-0.188889503,-0.196777344,-0.242431641,1.231445313,3817.162598,3899.710693,-3537.600342,154,0
36:39.1,1.164708495,-0.246436402,0.209130675,-0.193847656,-0.188232422,1.313476563,3819.243164,3901.251465,-3553.378418,154,0
36:39.3,0.531494677,-0.278895259,0.5023247,-0.036132813,-0.235839844,0.882568359,3827.705322,3903.667725,-3602.830078,154,0
36:39.5,-0.414069355,-0.178858116,-0.768892169,-0.031982422,-0.112060547,0.707519531,3859.039795,3904.559326,-3610.409912,154,0
36:39.7,-0.453977793,0.156904906,-0.127696559,-0.098144531,-0.012939453,0.925292969,3852.68335,3902.536865,-3579.621582,218,0
36:39.9,0.210109934,0.091040522,-0.064461797,-0.029541016,0.010253906,0.963867188,3845.286621,3901.837402,-3566.773438,218,0
36:40.1,0.102623194,0.093701087,0.509155512,-0.102294922,0.064208984,0.900146484,3841.517334,3902.223877,-3573.214355,218,0
36:40.3,0.375596941,-0.129786193,0.189888,-0.037353516,0.294433594,0.812988281,3863.733154,3903.439941,-3586.732666,218,0
36:40.5,0.394752979,-0.294741064,0.093575627,-0.159667969,0.065917969,0.694580078,3875.642822,3905.435547,-3614.071045,218,0
36:40.7,-0.384948134,0.252135664,0.070324115,-0.022216797,0.070800781,0.973876953,3870.780762,3905.757813,-3625.323975,204,0
36:40.9,-0.500416517,0.295236796,0.009663286,-0.105712891,0.002197266,1.100585938,3854.143799,3904.475342,-3611.644531,204,0
36:41.1,-0.619609714,0.048336565,-0.25053975,-0.086425781,-0.125,1.077148438,3837.797119,3902.919189,-3579.127686,204,0
36:41.3,-0.509462416,0.021198822,-0.16380541,-0.144775391,-0.223388672,1.215087891,3825.567139,3899.923096,-3536.629395,204,0
36:41.5,1.158710361,-0.432161063,0.153333679,-0.099121094,-0.245605469,1.345703125,3830.389893,3900.590576,-3535.864014,204,0
36:41.7,0.629258454,-0.114489876,0.300196737,-0.158203125,-0.290283203,0.910400391,3837.064697,3902.490723,-3585.724365,196,0
36:41.9,-0.308254212,-0.020207727,-0.662672579,0.034912109,-0.002197266,0.762451172,3858.706055,3903.790039,-3597.972656,196,0
36:42.1,-0.284309149,-0.064905182,-0.199734673,-0.114746094,0.098876953,0.823974609,3840.38916,3901.320313,-3568.6521,196,0
36:42.3,0.121209353,0.094888553,-0.417223006,-0.102783203,0.093505859,0.870849609,3833.364502,3900.311279,-3558.686768,196,0
36:42.5,0.11656554,-0.118153229,0.235931844,-0.177246094,-0.005371094,0.907470703,3839.365234,3901.410889,-3559.144531,196,0
36:42.7,0.473613054,-0.245328128,0.310959697,-0.101806641,0.093994141,0.841552734,3852.68335,3902.323486,-3577.176758,191,0
36:42.9,0.236290857,-0.15486899,0.035325393,0.018554688,0.008300781,0.82421875,3875.742188,3904.893555,-3609.013428,191,0
36:43.1,-0.3177481,0.006521964,-0.337292969,-0.000732422,-0.058837891,0.94140625,3873.588379,3905.092041,-3617.563477,191,0
36:43.3,-0.486427754,0.391239345,-0.375072956,-0.114990234,-0.099853516,1.106445313,3847.312744,3904.349609,-3609.319824,191,0
36:43.5,-0.635419309,-0.036047041,-0.162227958,-0.041992188,-0.163818359,0.998535156,3811.656006,3901.693848,-3572.880859,191,0
36:43.7,-0.41086778,0.110816024,-0.084539525,-0.170898438,-0.233886719,1.292236328,6593.77832,3353.210693,3762.307373,176,0
36:43.9,0.88216573,-0.003056061,-0.260136664,-0.127197266,-0.251464844,1.324951172,10423.7627,2072.618408,9650.569336,176,0
36:44.1,0.751266003,-0.38298443,0.952015758,-0.145507813,-0.254638672,0.923828125,10530.79199,2040.006592,9813.112305,176,0
36:44.3,0.10482166,-0.102686211,-0.113659859,-0.07421875,-0.046386719,0.893310547,10586.88477,2044.635376,9813.753906,176,0
36:44.5,-0.576304555,-0.04699669,0.212445736,-0.029052734,0.096191406,0.756835938,10594.24219,2045.470825,9813.363281,176,0
36:44.7,0.250624597,-0.05607054,0.006213668,-0.133544922,0.09765625,0.860351563,10594.89648,2042.232178,9816.800781,176,0
36:44.9,-0.129835874,-0.055538427,0.183407158,-0.044921875,0.083984375,0.986572266,10608.27246,2042.420166,9816.979492,176,0
36:45.1,0.289468795,-0.155575588,0.152012512,-0.05078125,0.001953125,0.884521484,10624.96387,2042.944946,9817.317383,176,0
36:45.3,0.262863189,-0.008712524,-0.079988569,-0.058837891,-0.041259766,0.856689453,10621.89355,2046.879639,9814.65332,176,0
36:45.5,-0.323524863,0.18125166,-0.281127125,-0.048583984,-0.107177734,0.953613281,10609.50781,2047.182983,9812.811523,176,0
36:45.7,-0.476773262,0.397821456,-0.416283697,-0.098388672,-0.183349609,1.016845703,10579.50684,2045.425781,9814.554688,175,0
36:45.9,-0.332038641,0.153581813,-0.206099227,-0.164794922,-0.249267578,1.164550781,10553.37402,2041.292847,9816.373047,175,0
36:46.1,0.707920134,-0.274837106,0.117893644,-0.266113281,-0.099609375,1.331542969,10555.93066,2041.551147,9816.782227,175,0
36:46.3,0.967058957,-0.245038822,-0.018327169,-0.152099609,-0.101074219,1.140380859,10565.32227,2045.293701,9812.49707,175,0
36:46.5,-0.281276643,-0.131620809,-0.133449659,-0.082763672,-0.033447266,0.612792969,10592.40332,2048.189941,9809.635742,175,0
36:46.7,-0.593094587,0.111554615,-0.363322288,-0.159667969,0.078857422,0.788574219,10596.33105,2047.036377,9812.950195,181,0
36:46.9,-0.71576196,-0.257020354,1.33160007,-0.016113281,0.788574219,0.681884766,10593.69336,2043.080322,9815.246094,181,0
36:47.1,-0.043703783,0.101091377,0.146053374,-0.112060547,0.069824219,0.888671875,10608.73047,2043.442017,9816.560547,181,0
36:47.3,0.402738661,-0.185185179,0.010364685,-0.075439453,0.044433594,0.926513672,10621.48535,2044.890503,9814.966797,181,0
36:47.5,0.030239351,-0.082414061,-0.159386232,-0.079101563,-0.025634766,0.802246094,10614.57422,2047.578735,9811.935547,199,0
36:47.7,-0.587998748,0.192654863,-0.259625465,-0.095214844,-0.101318359,0.984619141,10605.74609,2048.140137,9811.410156,199,0
36:47.9,-0.71304518,0.394325525,-0.084028326,-0.185546875,-0.162353516,1.234863281,10572.25488,2045.414673,9814.197266,199,0
36:48.1,-0.44592467,0.228306398,-0.246854752,-0.168945313,-0.196533203,1.122070313,10552.64746,2041.060669,9818.969727,199,0
36:48.3,0.740244329,-0.257519513,0.080457471,-0.239013672,-0.157958984,1.401611328,10551.41309,2041.198853,9818.831055,199,0
36:48.5,0.975970209,-0.196326569,0.457193136,-0.163818359,-0.227294922,0.967773438,10563.89258,2044.037354,9814.930664,217,0
36:48.7,-0.106771722,-0.198699176,-0.222996756,-0.073974609,-0.015625,0.716796875,10603.4209,2048.378662,9811.158203,217,0
36:48.9,-0.308442384,0.009888939,-0.18521677,-0.085205078,0.099609375,0.763916016,10606.7002,2047.19873,9813.251953,217,0
36:49.1,-0.491489083,-0.303525358,1.13229394,-0.142333984,0.640625,0.580322266,10602.65332,2043.747925,9815.756836,217,0
36:49.3,-0.020037372,-0.001817538,0.230363131,-0.092773438,0.187988281,0.968994141,10606.42188,2043.024414,9816.910156,217,0
36:49.5,0.157688215,-0.011927676,0.380418897,-0.003417969,0.124023438,0.773193359,10618.19727,2043.593262,9815.509766,189,0
36:49.7,0.19866088,0.1822934,0.035077836,-0.027587891,-0.023193359,0.795410156,10620.65625,2047.887817,9813.243164,189,0
36:49.9,-0.511177242,0.225394517,-0.221400425,-0.104492188,-0.090576172,1.067382813,10603.92676,2046.906738,9811.830078,189,0
36:50.1,-0.594186842,0.453138679,-0.325694472,-0.194091797,-0.19140625,1.120605469,10572.09473,2044.134766,9814.552734,189,0
36:50.3,-0.302057028,-0.088551879,-0.031436235,-0.291992188,-0.118896484,1.227050781,10549.61914,2041.952881,9817.939453,189,0
36:50.5,0.85125041,-0.265841126,-0.212852806,-0.241210938,-0.160644531,1.370849609,10555.63379,2042.348755,9818.016602,174,0
36:50.7,0.650643945,-0.006702302,0.259131014,-0.169189453,-0.215576172,0.943359375,10564.71973,2044.768311,9814.095703,174,0
36:50.9,-0.286406219,-0.292978853,-0.054815382,-0.048583984,-0.016357422,0.838134766,10590.9834,2047.690063,9810.893555,174,0
36:51.1,9.806704521,9.259506226,-13.07507706,-6.062988281,3.252929688,-6.875732422,10601.52832,2045.195313,9813.972656,174,0
36:51.3,11.30566597,-3.271744967,-5.718621254,3.4375,-0.683837891,1.437744141,10598.4541,2043.877075,9816.276367,174,0
36:51.5,7.219041348,-4.769641399,-10.62310219,-3.5,3.315673828,1.4375,10593.83008,2043.288208,9815.805664,167,0
36:51.7,-6.539260864,-12.12396908,12.26252651,7.437255859,4.315673828,-5.749755859,10611.49023,2046.501221,9813.995117,167,0
36:51.9,-7.220365047,-3.817160368,-0.269788861,-3.687011719,-7.997070313,-2.687255859,10618.32227,2047.66272,9810.710938,167,0
36:52.1,-15.1227684,14.98184395,14.03392887,2.875488281,1.19140625,-3.312988281,10612.67871,2048.714111,9811.216797,167,0
36:52.3,-15.66818333,-13.21639633,0.81944555,0.062744141,1.129394531,6.186035156,10590.52246,2046.955688,9812.484375,167,0
36:52.5,6.537405014,-1.910068989,3.408173084,-3.124755859,-1.120849609,-2.500244141,10547.67188,2044.341431,9816.870117,177,0
36:52.7,-8.173378944,-9.402213097,-11.16905022,-5.374511719,-3.369873047,-3.436767578,10546.86328,2041.822632,9817.168945,177,0
36:52.9,1.090168953,14.16664791,3.543861628,6.438232422,-4.995361328,6.001464844,10565.24121,2045.557007,9814.045898,177,0
36:53.1,12.5321846,14.57477856,5.043354988,-3.249755859,-0.309814453,-6.500488281,10588.2832,2048.530762,9811.357422,177,0
36:53.3,-12.26106739,8.85137558,1.228108048,5.312255859,0.565429688,-1.188232422,11426.59473,1632.94397,10794.2207,177,0
36:53.5,-4.768922329,-0.683017373,12.26252651,-1.187988281,-3.184326172,-1.875488281,-5141.084961,2790.265869,5899.524414,171,0
36:53.7,0.408000648,-10.08172131,-7.488959789,7.561523438,5.940673828,-0.562255859,-5608.413574,2822.407227,5762.333496,171,0
36:53.9,14.16630268,11.71467304,-13.75511646,-5.625244141,5.252929688,2.250732422,-5608.399902,2825.477051,5757.377441,171,0
36:54.1,16.34583473,5.037192822,-7.352738857,-1.9375,1.628417969,0.3125,-5608.577148,2827.538574,5753.938477,171,0
36:54.3,9.261289597,-12.39747524,6.405030727,6.437988281,-3.370849609,5.998779297,-5613.274414,2827.589355,5754.66748,171,0
36:54.5,9.806172371,2.720374346,-11.3036747,-0.124267578,1.62890625,-4.063476563,-5621.470703,2825.762451,5758.554199,178,0
36:54.7,14.98362732,-11.5817461,-4.901828766,-4.686767578,-6.995361328,7.186767578,-5629.781738,2822.063721,5762.179688,178,0
36:54.9,6.402248383,-12.80613708,10.08352566,1.875244141,-5.744628906,7.376708984,-5630.5625,2821.187012,5761.430176,178,0
36:55.1,-12.26053524,-16.34947395,-0.406009674,3.875732422,7.004150391,4.125976563,-5628.288574,2826.981201,5756.01709,178,0
36:55.3,-13.07839203,10.34980488,10.62894058,-3.187255859,2.502929688,5.624267578,-5620.725586,2828.855957,5754.108887,178,0
36:55.5,3.677299976,-10.90117455,-14.57350636,-7.374755859,-1.622070313,-5.938232422,-5623.846191,2824.624512,5756.779297,155,0
36:55.7,-1.227181196,1.633268476,-16.75250626,6.562255859,-6.621826172,1.749511719,-5624.147949,2821.278809,5758.742188,155,0
36:55.9,-10.21722317,2.722502947,-2.313101053,3.000244141,-5.433837891,4.312255859,-5621.843262,2820.224609,5760.530762,155,0
36:56.1,-5.993845463,-11.5796175,3.273016453,-2.062744141,4.190185547,7.250488281,-5614.298828,2822.445801,5758.653809,155,0
36:56.3,-13.21354866,13.34879112,10.08405781,-4.187744141,1.065673828,-1.937255859,-5607.510254,2825.374756,5756.86084,155,0
36:56.5,-9.67340374,-6.539979935,1.22917223,6.062988281,7.44140625,4.374023438,-5609.471191,2826.890381,5754.785645,152,0
36:56.7,13.89120007,-0.550521314,-9.532803535,0.813232422,0.12890625,3.748779297,-5621.064941,2825.252197,5757.713379,152,0
36:56.9,-16.48284721,17.02622032,-11.43989468,5.438232422,-4.245605469,-6.312988281,-5634.487305,2821.827881,5760.848633,152,0
36:57.1,0.000402443,-16.62085152,9.674330711,4.875244141,1.567382813,-1.186523438,-5632.919922,2821.395264,5761.763184,152,0
36:57.3,-1.908817291,10.89468765,4.907666206,1.875488281,1.254638672,-2.436279297,-5634.852051,2824.942139,5757.984375,152,0
36:57.5,4.631377697,-11.03579903,0.821041882,-7.5,4.81640625,-7.687255859,-5626.137207,2826.52417,5753.859863,152,0
36:57.7,-8.856079102,-14.98939514,-5.718621254,-3.499755859,-1.934326172,1.436767578,-5624.111328,2829.546875,5754.650391,152,0
36:57.9,14.16577053,-8.447071075,-8.170063019,-3.5625,-5.308837891,4.061523438,-5628.044434,2823.506836,5756.969238,152,0
36:58.1,-16.20934296,-14.57487965,13.48744965,-4.565673828,-0.182617188,-5.438720703,-5624.810547,2821.212402,5759.229004,152,0
36:58.3,-16.48284721,-1.364653587,16.62159157,4.749755859,2.753662109,2.25,-5623.220215,2822.419189,5759.393066,152,0
36:58.5,-0.00012967,-13.75915051,6.405562878,-1.687744141,0.565429688,-3.311767578,-5617.288574,2825.40332,5756.37207,152,0
36:58.7,-13.35083389,2.587346315,-14.70866203,2.562988281,-0.933837891,-5.0625,-5614.524414,2827.215332,5753.729004,152,0
36:58.9,8.580184937,-3.544718742,-7.353271008,6.625488281,7.066650391,-5.188476563,-5616.151855,2829.900391,5754.274414,152,0
36:59.1,15.66366768,-3.681471586,5.042822838,6.312988281,-4.808105469,2.311279297,-5627.423828,2825.493408,5757.12207,152,0
36:59.3,7.083352566,-5.450213432,17.165411,7.562744141,-2.869384766,-5.25,-5640.330566,2822.630127,5762.267578,152,0
36:59.5,4.35893631,-6.678861618,-7.762465954,6.250732422,-4.745117188,4.751953125,-5638.230469,2823.122803,5759.239746,108,0
36:59.7,12.80409431,-16.34734726,6.54178381,-5.749267578,-0.809082031,-7.562011719,-5636.784668,2827.853271,5754.212402,108,0
36:59.9,-15.66658783,0.132179081,9.810551643,-2.8125,2.940185547,-0.937988281,-5619.925781,2827.986328,5754.52832,108,0
37:00.1,-15.66658783,-6.132381916,-7.48949194,-0.188232422,2.064941406,-6.750244141,-5616.891113,2823.398682,5756.570313,108,0
37:00.3,-4.359727859,12.25689602,16.21346283,6.625244141,-5.434326172,6.000244141,-5618.058594,2823.84375,5757.418945,108,0
37:00.5,-11.85187244,14.43855762,-8.306283951,-4.750488281,3.940673828,3.687988281,-5619.74707,2825.875244,5756.295898,94,0
37:00.7,-6.267351151,3.40254283,-1.768217802,-7.562744141,4.127929688,-2.562011719,-5615.876465,2828.079102,5754.24707,94,0
37:00.9,10.89647102,6.263711929,6.13205719,-5.1875,6.566162109,0.562011719,-5620.936523,2828.857666,5751.538086,94,0
37:01.1,14.30199146,-9.128707886,16.34915161,7.312744141,-4.808105469,1.936523438,-5624.555664,2828.508301,5753.833496,94,0
37:01.3,-14.16815853,-8.993551254,-12.52966118,4.875,4.379150391,-3.251220703,-5632.868652,2825.362061,5757.249512,94,0
37:01.5,14.16577053,3.676048517,15.25938416,-4.749511719,-2.05859375,-0.062744141,-5636.750488,2822.833984,5760.63916,94,0
37:01.7,0.7283324,-0.076941155,0.105350494,-0.160400391,-0.141357422,1.333496094,-5639.129395,2822.594971,5760.593262,94,0
37:01.9,0.408532768,-0.279143929,-0.00852159,-0.197998047,-0.115234375,1.029785156,-5627.454102,2826.358887,5756.394531,94,0
37:02.1,-0.359757721,-0.04023058,-0.087434337,0.038330078,0.016113281,0.837158203,-5618.411133,2827.170166,5755.677246,94,0
37:02.3,-0.198527589,0.146008819,-0.224187255,-0.118896484,0.015869141,0.908935547,-5620.549805,2823.674561,5757.477539,94,0
37:02.5,0.056354318,0.242321193,0.233961657,-0.048339844,-0.087890625,0.862060547,-5620.120117,2820.691162,5758.878418,94,0
37:02.8,0.146281347,-0.192414761,0.285576552,-0.050537109,0.123291016,0.856689453,-5617.627441,2823.176025,5759.39209,94,0
37:02.9,0.229823008,-0.042359028,0.241411224,-0.067382813,0.118652344,0.922119141,-5613.870605,2822.501221,5757.874023,94,0
37:03.1,0.285694808,0.026815604,-0.084773771,-0.048339844,0.042724609,0.826904297,-5608.272949,2826.394287,5755.55957,94,0
37:03.3,-0.349293768,0.148125574,-0.021719815,-0.132568359,-0.007568359,1.010742188,-5614.979004,2828.405518,5753.524902,94,0
37:03.5,-0.446138263,0.143336564,0.109179877,-0.156982422,-0.079589844,1.133056641,-5625.458984,2827.142334,5755.079102,0,0
37:03.7,-0.09494397,-0.148261115,-0.304271579,-0.189697266,-0.054199219,1.14453125,-5632.013672,2826.297852,5757.869141,0,0
37:03.9,0.354932159,0.037464365,0.336969942,-0.155273438,0.005126953,1.428466797,-5636.09375,2825.597656,5758.71582,0,0
37:04.1,0.851393223,-0.407913834,-0.081802621,-0.103027344,-0.109375,1.065429688,-5627.085938,2828.527832,5753.983398,0,0
37:04.3,-0.409733146,-0.079419702,-0.441680849,-0.072998047,-0.038818359,0.815673828,-5617.260254,2831.168213,5753.186035,0,0
37:04.6,-0.31129232,0.175994322,-0.630580783,-0.107177734,0.028320313,0.774169922,-5620.114746,2825.948242,5755.553223,0,0
37:04.8,-0.026763184,0.106419295,0.060516205,-0.031494141,0.032958984,0.851318359,-5625.228516,2823.182861,5757.631836,0,0
37:05.0,0.059439048,-0.195288524,0.541545987,-0.104736328,0.255859375,0.992431641,-5625.709961,2822.0896,5758.853027,0,0
37:05.2,0.203895375,-0.13667272,0.410675406,-0.052490234,0.083251953,0.873779297,-5618.354492,2824.130371,5757.306152,0,0
37:05.4,0.159197927,0.018172039,-0.21668531,-0.033935547,-0.040039063,0.879150391,-5610.124023,2827.13623,5754.96875,0,0
37:05.6,-0.330345631,0.487495303,0.302656561,-0.024902344,-0.082763672,1.105712891,-5615.404297,2828.126465,5754.165527,28,0
37:05.8,-0.507007003,0.340100139,-0.088446185,-0.213378906,0.009033203,1.122314453,-5622.788086,2826.392822,5755.929688,28,0
37:06.0,-0.344712675,0.177273691,-0.069822244,-0.33203125,-0.199951172,1.287597656,-5641.458984,2822.505859,5759.246582,28,0
37:06.2,0.841366231,-0.2335172,0.061077446,-0.227539063,-0.066162109,1.309814453,-5641.386719,2820.659912,5760.323242,28,0
37:06.4,0.659383714,-0.21808593,0.358528376,-0.200195313,0.007080078,1.076171875,-5629.391602,2826.32373,5755.561523,28,0
37:06.6,-0.127078637,-0.01056204,-0.315658242,-0.043457031,0.081787109,0.690185547,-5620.424316,2828.762207,5753.743652,28,0
37:06.8,-0.036538474,0.067720681,0.000105258,-0.21484375,-0.087890625,0.837646484,-5618.71582,2826.29248,5754.822266,28,0
37:07.0,0.414692968,-0.303693861,0.020325534,-0.211914063,0.185302734,0.789306641,-5613.87793,2825.346191,5757.224121,28,0
37:07.2,0.064562909,-0.238244027,0.560951889,0.004150391,0.243164063,0.9375,-5613.572266,2825.09375,5757.766113,28,0
37:07.4,0.329460919,-0.290907383,-0.606505573,-0.009033203,-0.105712891,0.841064453,-5603.720215,2827.420654,5756.140625,28,0
37:07.6,0.149754629,0.204923242,0.008790213,-0.084472656,-0.171142578,0.926025391,-5606.44043,2828.377686,5754.45166,32,0
37:07.8,-0.427587479,0.56143868,0.032203164,-0.028076172,-0.091064453,1.020507813,-5610.1875,2828.451172,5754.101563,32,0
37:08.0,-0.734616399,0.34593305,-0.076347798,-0.155517578,-0.026367188,1.166015625,-5616.299805,2826.212891,5757.164551,32,1
37:08.2,-0.091824464,-0.027077839,0.046038091,-0.295166016,-0.17578125,1.366943359,-5632.161621,2822.05542,5760.152832,32,1
37:08.4,0.850546896,-0.185647368,-0.339211404,-0.187744141,-0.163574219,1.200195313,-5632.033203,2823.29541,5759.004883,32,1
37:08.6,0.206158549,-0.214913577,0.3014521,-0.142333984,-0.029541016,0.987792969,-5627.261719,2827.601807,5755.259277,34,1
37:08.8,-0.1567422,-0.014307138,-0.238110021,-0.037841797,0.015869141,0.875,-5616.817871,2829.715088,5754.921387,34,1
37:09.0,-0.254650891,0.208648026,0.139157787,-0.034667969,0.102050781,0.786865234,-5616.005859,2825.816895,5756.784668,34,1
37:09.2,-0.214210361,0.14053762,-0.230660439,-0.112548828,0.126464844,0.913818359,-5618.151367,2823.312988,5758.015625,34,1
37:09.4,0.093805656,-0.068007343,0.14143075,-0.140869141,0.125,0.877929688,-5619.661133,2820.476318,5759.404297,34,1
37:09.6,0.330870658,-0.074678294,0.153914154,-0.052490234,0.13671875,0.813720703,-5617.222656,2826.078613,5757.488281,48,1
37:09.8,0.068007044,0.038129564,0.156042606,-0.103759766,0.018066406,1.094482422,-5616.444824,2828.596191,5753.722656,48,1
37:10.0,-0.115571782,0.172221929,-0.066912554,-0.140869141,-0.040527344,1.070800781,-5620.524414,2828.993896,5752.862793,48,1
37:10.2,-0.649812758,0.172754034,-0.133958727,-0.151123047,0.024169922,1.017822266,-5628.8125,2828.536621,5754.316406,48,1
37:10.4,-0.438564092,0.017909285,0.088996425,-0.231933594,-0.102539063,1.388183594,-5632.852539,2824.665283,5757.388672,48,1
37:10.6,0.708371699,-0.06677556,-0.456768334,-0.159912109,-0.043701172,1.226318359,-5635.233887,2825.343262,5758.449707,48,1
37:10.8,0.640793443,-0.337088734,0.65534687,-0.157470703,-0.106201172,0.999511719,-5638.612305,2825.229736,5755.815918,48,1
37:11.0,-0.260073096,-0.251950711,0.410575122,-0.03515625,0.099609375,0.960693359,-5619.336914,2829.201172,5753.495605,48,1
37:11.2,-0.313816458,-0.040169928,-0.364712864,-0.1640625,0.076660156,0.890869141,-5608.760742,2827.387939,5756.151855,48,1
37:11.4,-0.411193073,-0.180647641,0.078004755,-0.116699219,0.203857422,0.987792969,-5607.209961,2824.822021,5758.716309,48,1
37:11.6,-0.128438249,-0.103363119,0.077284485,-0.078125,0.135986328,0.909179688,-5607.54248,2823.648682,5759.253418,59,1
37:11.8,0.499986678,-0.056537218,-0.234533474,-0.022216797,0.008789063,0.835693359,-5603.046387,2822.579346,5759.274414,59,1
37:12.0,0.262643635,-0.01576649,-0.141198888,-0.020019531,0.022705078,0.778564453,-5612.30127,2825.613281,5756.49707,59,1
37:12.2,-0.161628723,0.06068977,0.002794578,-0.206542969,-0.099365234,1.069335938,-5622.959473,2826.05835,5755.429688,59,1
37:12.4,-0.528786361,0.097937644,0.045363583,-0.129638672,-0.129882813,1.02734375,-5631.544434,2824.803223,5756.337891,59,1
37:12.6,-0.040307071,-0.002631628,-0.202068761,-0.140136719,-0.104003906,1.264648438,-5634.157715,2823.746826,5759.962891,103,1
37:12.8,0.826286972,-0.015044923,0.188756555,-0.075927734,0.002929688,1.300292969,-5632.803711,2824.421387,5759.010742,103,1
37:13.0,0.361220598,-0.325798631,0.326041579,-0.034179688,0.095947266,0.969238281,-5622.186523,2830.408203,5753.880371,103,1
37:13.2,-0.418989003,-0.118713602,-0.648156881,-0.075683594,0.150634766,0.731201172,-5610.950684,2829.671387,5754.044434,103,1
37:13.4,-0.356731832,0.023892559,-0.078264326,-0.065429688,0.120361328,0.835449219,-5613.028809,2825.322998,5756.486328,103,1
37:13.6,-0.627577126,0.116480142,-0.668909311,-0.016601563,0.223388672,0.6328125,-5611.702637,2824.580322,5758.447754,139,1
37:13.8,0.10103669,-0.075530425,0.16478698,-0.013183594,-0.003173828,0.846435547,-5613.849609,2821.949463,5759.829102,139,1
37:14.0,0.539497375,0.072928973,0.288769215,0.083251953,0.145263672,0.684326172,-5609.021973,2825.140869,5757.393066,139,1
37:14.2,-0.022413423,0.063883059,0.372310877,-0.043945313,-0.041748047,1.157714844,-5608.616211,2829.683105,5754.063477,139,1
37:14.4,-0.119790018,0.311315417,-0.239086449,-0.041015625,0.022705078,0.919921875,-5611.837402,2828.220215,5754.068359,139,1
37:14.6,-0.664673328,0.224581048,-0.63018918,-0.100585938,-0.001708984,1.130859375,-5623.956543,2826.937744,5755.241211,191,1
37:14.8,-0.091055945,0.11603009,0.291429788,-0.23828125,-0.041992188,1.397705078,-5632.50293,2823.219971,5758.838379,191,1
37:15.0,0.768837929,-0.178760275,0.204163313,-0.141357422,-0.062011719,1.245361328,-5625.591309,2824.940186,5758.314453,191,1
37:15.2,0.016962904,-0.054245926,0.087630659,-0.125244141,0.002929688,0.85546875,-5617.851563,2827.454102,5754.717285,191,1
37:15.4,-0.467259526,0.024506729,-0.359875977,-0.010986328,0.164550781,0.678710938,-5611.125977,2826.627686,5756.178223,191,1
37:15.6,-0.113936782,-0.032961424,-0.385417372,-0.043701172,0.046875,0.875244141,-5614.74707,2823.557373,5758.710938,174,1
37:15.8,0.034908839,0.149905071,0.176144898,-0.134033203,-0.145751953,0.856689453,-5616.747559,2822.347168,5759.55957,174,1
37:16.0,0.196445331,-0.072546393,0.440591633,-0.013183594,0.249023438,0.820068359,-5610.151367,2821.605225,5760.210449,174,1
37:16.2,0.351082623,-0.00290586,0.593955338,-0.032226563,-0.016357422,0.802001953,-5607.501953,2825.597168,5758.280762,174,1
37:16.4,0.057888608,0.145553544,0.004906797,-0.082519531,0.033691406,1.016357422,-5605.62207,2829.191162,5754.546387,174,1
37:16.6,-0.395471275,0.309976339,0.04268679,-0.04296875,-0.01953125,1.039306641,-5613.407227,2829.766846,5754.696777,174,1
37:16.8,-0.619490683,0.285499156,-0.384067476,-0.160644531,-0.016113281,1.043945313,-5619.639648,2826.61792,5757.067383,174,1
37:17.0,-0.370461971,-0.042282186,-0.491554201,-0.221435547,-0.16796875,1.163574219,-5637.649414,2820.921143,5760.750977,174,1
37:17.2,0.656515181,0.030085117,-0.065864176,-0.249267578,-0.161865234,1.256591797,-5644.598145,2816.892334,5762.463867,174,1
37:17.4,0.794332385,-0.340265214,0.354504734,-0.146972656,-0.185546875,0.980957031,-5636.367676,2824.050049,5757.249023,174,1
37:17.6,-0.18581894,-0.235971153,0.053861152,-0.091796875,-0.033935547,0.875488281,-5614.681152,2828.373779,5754.214355,122,1
37:17.8,-0.344920576,-0.002373748,-0.380342692,-0.032714844,0.040039063,0.961181641,-5606.630859,2827.770264,5755.951172,122,1
37:18.0,-0.142185718,0.160452694,-0.282966107,-0.075439453,-0.005371094,0.883544922,-5611.809082,2825.082275,5757.641113,122,1
37:18.2,0.269669414,-0.000245297,0.25819236,-0.166259766,0.020263672,0.747314453,-5613.953613,2821.056152,5758.874512,122,1
37:18.4,0.252109706,-0.257255644,0.527973413,-0.035888672,0.205322266,0.795166016,-5610.388184,2821.549072,5759.107422,122,1
37:18.6,0.622460008,-0.118906401,-0.187717944,-0.010742188,0.08984375,0.724365234,-5606.813965,2824.310303,5757.447754,116,1
37:18.8,0.486239225,0.255700856,0.244889557,-0.11328125,0.179931641,0.765136719,-5616.42041,2828.444824,5753.848633,116,1
37:19.0,-0.638646722,0.407352924,-0.33670947,-0.178466797,0.039306641,1.069335938,-5620.210938,2829.328125,5751.982422,116,1
37:19.2,-0.526371002,0.21313183,-0.194635406,-0.219726563,0.049560547,1.046386719,-5629.549805,2827.254883,5753.84082,116,1
37:19.4,-0.324700296,-0.040685851,-0.162708655,-0.244628906,0.031005859,1.099121094,-5638.087891,2823.63501,5758.036133,116,1
37:19.6,0.508754313,-0.194646791,0.052057758,-0.318847656,-0.133544922,1.386962891,-5640.913574,2821.17749,5760.305664,104,1
37:19.8,0.793434501,-0.351620018,0.115911268,-0.208251953,-0.146728516,1.110595703,-5633.086914,2825.050293,5756.451172,104,1
37:20.0,-0.215450883,-0.320225358,0.019598896,0.037597656,-0.153808594,0.811279297,-5616.460938,2829.393311,5753.98584,104,1
37:20.2,-0.549617529,0.447613031,0.003103407,-0.085205078,-0.044677734,0.743896484,-5612.040527,2826.752197,5756.384766,104,1
37:20.4,0.241633788,-0.219123974,0.052057758,-0.062988281,0.424316406,0.854248047,-5612.265137,2822.220947,5759.637207,104,1
37:20.6,0.046348497,-0.157398909,0.152627036,-0.063964844,-0.032470703,0.788818359,-5612.016602,2822.636719,5759.340332,96,1
37:20.8,0.630608082,-0.45591408,0.319710374,-0.044677734,0.257324219,0.837890625,-5610.541504,2824.445068,5757.737793,96,1
37:21.0,0.050605398,-0.131857514,0.267563343,0.090820313,0.138183594,0.986572266,-5604.280762,2826.862793,5755.733887,96,1
37:21.2,-0.132263139,0.285155892,0.095109746,0.022216797,-0.016113281,1.002929688,-5604.657227,2830.477051,5753.765625,96,1
37:21.4,-0.253584802,0.451175004,-0.431681693,-0.070800781,0.021972656,0.969238281,-5611.691406,2829.790283,5754.237305,96,1
37:21.6,-0.727164984,0.323468,-0.482232392,-0.029541016,-0.047119141,1.094238281,-5623.557617,2828.124268,5756.201172,96,1
37:21.8,0.471152484,0.168623239,0.00092582,-0.309814453,-0.043457031,1.429199219,-5639.316895,2820.251221,5760.804199,96,1
37:22.0,0.838310182,-0.475765049,0.404799223,-0.121582031,-0.199462891,1.122558594,-5638.520996,2824.033691,5758.233887,96,1
37:22.2,-0.010941469,0.094659589,0.304762065,-0.062011719,-0.094970703,0.874267578,-5620.576172,2828.685547,5753.549805,96,1
37:22.4,-0.362667859,0.117540427,-0.382195234,-0.150634766,0.100097656,0.947998047,-5613.271484,2827.541992,5754.309082,96,1
37:22.6,-0.217259288,0.10130915,-0.008898899,-0.043457031,0.089355469,1.020507813,-5615.105469,2824.346191,5757.098633,76,1
37:22.8,0.058907114,0.00872157,0.021431517,-0.11328125,0.136230469,0.952636719,-5623.224121,2822.48291,5759.165039,76,1
37:23.0,0.154284567,-0.265974879,0.184883639,-0.075683594,0.091064453,0.844970703,-5616.898438,2823.346924,5758.771973,76,1
37:23.2,0.353826791,-0.211699426,-0.130659103,-0.015869141,0.104248047,0.927734375,-5610.776855,2826.130615,5756.341797,76,1
37:23.4,0.1602965,0.110649094,-0.107284091,-0.002685547,0.030273438,1.041748047,-5608.456543,2829.732666,5754.627441,76,1
37:23.6,-0.169236571,0.29708004,-0.048824582,-0.030029297,0.103759766,1.069824219,-5617.500488,2829.779785,5753.015625,68,1
37:23.8,-0.251714021,0.321557224,-0.213779479,-0.063964844,0.027832031,0.9921875,-5619.65332,2829.180176,5753.94873,68,1
37:24.0,-0.410815686,-0.326023757,-0.348936051,-0.217041016,0.012451172,1.291503906,-5629.708496,2828.099609,5754.620605,68,1
37:24.2,0.650748849,-0.216940686,0.340149701,-0.037353516,0.286865234,1.402587891,-5626.744141,2829.748047,5754.918945,68,1
37:24.4,-0.039933227,-0.078591421,0.426884025,0.046142578,0.157714844,1.016357422,-5618.116699,2832.408936,5752.164063,68,1
37:24.6,-0.622064352,-0.04666467,-0.074898094,-0.120605469,-0.018066406,0.962158203,-5611.904297,2830.678467,5753.456543,63,1
37:24.8,-1.819317579,-0.288243771,0.879711807,0.049560547,1.070800781,1.422363281,-5606.99707,2826.032959,5756.915527,63,1
37:25.0,0.082690462,-0.054066844,-0.125714764,-0.081298828,0.233642578,0.907958984,-5614.689941,2820.369141,5760.922852,63,1
37:25.2,0.36520502,0.044760022,0.026966348,-0.046386719,-0.161865234,0.927978516,-5615.777832,2821.538818,5758.950684,63,1
37:25.4,0.402985036,-0.10742417,-0.111915022,-0.064697266,0.072998047,0.773925781,-5616.479492,2826.544922,5756.337891,63,1
37:25.6,-0.330973715,0.277143449,0.216149166,-0.082519531,-0.016601563,1.127441406,-5622.938477,2827.265381,5754.609863,69,1
37:25.8,-0.203266695,0.185620084,0.169323251,-0.086914063,0.034667969,1.145263672,-5624.725586,2827.891113,5755.068848,69,1
37:26.0,0.110711753,0.215651289,-0.095703535,-0.055419922,0.117919922,1.349121094,-5626.30127,2828.04126,5755.151367,69,1
37:26.2,0.534273326,-0.404791951,-0.02440045,-0.166992188,0.12890625,1.197753906,-5628.989258,2828.750977,5753.714355,69,1
37:26.4,-0.23675774,-0.044551741,0.129912183,-0.110351563,0.123779297,1.010986328,-5618.526367,2832.885742,5751.108398,69,1
37:26.6,-0.7954759,-0.277084947,-0.429870188,-0.080078125,0.245117188,0.911621094,-5612.768555,2830.167969,5753.196777,71,1
37:26.8,-0.285179973,0.252367049,-0.036106925,-0.033935547,0.066650391,0.768066406,-5616.763184,2824.729004,5757.224121,71,1
37:27.0,-0.010077797,-0.066368356,-0.130290851,-0.075195313,-0.088134766,0.916259766,-5617.096191,2822.206299,5758.940918,71,1
37:27.2,-0.004569283,-0.062520973,0.065265089,-0.011474609,0.077392578,1.00390625,-5614.694824,2822.579102,5758.702637,71,1
37:27.4,0.368109345,-0.077106044,0.014148274,0,0.002929688,0.817138672,-5615.768066,2824.105957,5757.317871,71,1
37:27.6,0.363852441,-0.035069149,-0.120476201,-0.130126953,-0.028076172,0.955322266,-5617.8125,2826.351318,5755.771973,72,1
37:27.8,-0.125158966,0.353905112,0.084919244,-0.017333984,-0.020996094,1.135009766,-5619.08252,2827.964844,5753.642578,72,1
37:28.0,0.082059905,0.227575257,-0.052257948,-0.062744141,0.166015625,1.008056641,-5620.11084,2830.133301,5753.043457,72,1
37:28.3,0.012947943,-0.140235394,-0.157567784,-0.200927734,0.249267578,1.343505859,-5627.655273,2831.105469,5753.063477,72,1
37:28.4,0.378287017,-0.298355579,0.168522552,-0.101318359,0.169433594,1.163330078,-5621.054688,2831.477295,5751.762695,72,1
37:28.6,-0.439037859,0.074655317,-0.024634296,-0.066162109,0.067138672,0.670166016,-5612.532715,2832.34668,5750.955566,94,1
37:28.8,-0.385294497,0.006012799,-0.431700408,-0.117675781,0.128417969,0.895019531,-5611.124023,2829.48291,5753.712402,94,1
37:29.0,-0.013879929,0.142233625,0.368596882,-0.032226563,0.17578125,0.774414063,-5611.032227,2826.658203,5757.431152,94,1
37:29.2,-0.083130404,-0.060601279,-0.047928065,-0.154296875,0.130859375,0.906982422,-5614.768555,2824.047852,5757.496094,94,1
37:29.5,0.4601565,-0.077096768,-0.139451414,-0.112304688,0.150390625,0.773681641,-5612.494141,2825.844482,5756.878418,94,1
37:29.7,-0.141435489,-0.087342978,-0.121320218,-0.112060547,0.033935547,0.923095703,-5620.45459,2828.951172,5754.612793,109,1
37:29.9,-0.427086323,0.42106998,-0.127878696,-0.166503906,-0.016113281,1.104980469,-5625.016113,2825.001709,5754.356445,109,1
37:30.1,-0.344608873,-0.252584517,-0.17364037,-0.234619141,-0.106201172,1.106445313,-5636.350586,2822.962158,5756.229004,109,1
37:30.3,0.000714516,-0.046051987,-0.109737858,-0.21484375,-0.147216797,1.230957031,-5642.214844,2820.792969,5758.327148,109,1
37:30.5,0.667331934,-0.291651785,0.125453308,-0.122802734,-0.031982422,1.316650391,-5634.213379,2821.843994,5757.927734,109,1
37:30.7,0.038907021,-0.160219982,-0.109740436,0.029785156,0.108642578,0.854003906,-5623.991211,2825.69751,5754.616211,103,1
37:30.9,-0.747555315,-0.009632133,0.004131649,0.044677734,0.191162109,0.810058594,-5616.585449,2828.021484,5754.581055,103,1
37:31.1,-0.052616343,0.213323027,-0.148052543,-0.126708984,0.027099609,1.138427734,-5616.393555,2824.308594,5756.866211,103,1
37:31.3,0.086782813,-0.010438614,0.121391758,-0.256835938,0.077148438,0.779541016,-5621.578613,2824.44751,5757.243164,103,1
37:31.5,0.194269553,-0.099301405,0.218768358,-0.152832031,0.191894531,0.911621094,-5614.941406,2825.838623,5756.910156,103,1
37:31.7,0.16021435,-0.025337765,0.22568582,-0.112548828,0.062988281,0.948730469,-5614.939453,2828.31958,5754.294922,100,1
37:31.9,0.142799571,0.237177745,-0.324165314,-0.094482422,0.068359375,1.004150391,-5618.596191,2830.217529,5752.921875,100,1
37:32.1,-0.661754608,0.24249886,-0.021393284,-0.218017578,0.022705078,1.000976563,-5628.423828,2830.092285,5752.140137,100,1
37:32.3,-0.659094036,-0.119869791,-0.650882423,-0.188720703,0.041015625,1.191650391,-5634.339844,2826.180176,5756.453125,100,1
37:32.5,0.595627367,-0.16775991,0.077579647,-0.127929688,-0.079589844,1.327880859,-5640.181152,2823.207275,5759.651367,100,1
37:32.7,0.975023627,-0.598771095,0.173892036,-0.08984375,0.087402344,1.196777344,-5636.605957,2827.857666,5755.271484,93,1
37:32.9,-0.35632199,0.022736376,0.650664866,-0.108154297,0.23828125,0.882324219,-5627.665527,2830.228516,5753.111328,93,1
37:33.1,0.094909444,0.187159166,-0.013411595,-0.006347656,0.103759766,0.761962891,-5617.64502,2829.426514,5753.838867,93,1
37:33.3,-0.308431864,-0.143814847,-0.8227548,-0.222167969,0.053222656,0.834472656,-5612.899902,2828.522461,5754.522949,93,1
37:33.5,0.283247769,0.027186463,-0.019721245,-0.126953125,0.151123047,0.737792969,-5612.92627,2827.588867,5755.05957,93,1
37:33.7,0.069076099,0.099902615,-0.045338091,-0.102783203,0.082763672,0.865478516,-5616.250977,2828.000488,5753.143066,89,1
37:33.9,-0.316604406,0.157818139,0.253647447,-0.243164063,0.123046875,1.066650391,-5621.84082,2829.327637,5752.834473,89,1
37:34.1,-0.350127518,0.157286033,-0.244942024,-0.154541016,0.00390625,1.200927734,-5625.753906,2829.685303,5753.800293,89,1
37:34.3,-0.115997985,-0.422184527,0.025903264,-0.237060547,-0.001708984,1.312255859,-5632.304199,2827.213867,5755.508301,89,1
37:34.5,0.471454293,-0.252972752,-0.198648229,-0.125,0.043212891,1.170654297,-5626.133789,2829.280762,5754.838867,89,1
37:34.7,-0.160695434,-0.093338981,0.013132564,-0.055908203,0.060546875,0.877685547,-5619.156738,2829.868408,5752.375488,83,1
37:34.9,-0.487829328,0.001895217,-0.447262496,-0.0234375,0.082519531,0.996582031,-5618.704102,2831.328369,5753.899414,83,1
37:35.1,-0.086084343,0.36160332,0.674430788,-0.04296875,0.179443359,0.728515625,-5617.340332,2826.684082,5756.039551,83,1
37:35.3,0.255531907,-0.009279147,0.149235666,-0.160644531,0.192382813,0.899902344,-5613.532715,2827.322998,5756.598145,83,1
37:35.5,0.168429315,0.028416712,0.403009027,-0.049560547,0.202880859,0.878173828,-5613.135742,2826.908447,5755.555176,83,1
37:35.7,0.229622245,-0.257859826,0.15930146,-0.108154297,0.137695313,0.946044922,-5606.40625,2829.813232,5753.587402,#N/A,1
37:35.9,-0.268967211,0.051297553,-0.180186346,-0.051025391,-0.127685547,0.757080078,-5616.083496,2831.223877,5752.070801,#N/A,1
37:36.1,-0.364805549,0.354205459,-0.340709627,-0.111572266,0.056640625,0.979003906,-5626.041992,2828.98877,5752.543457,#N/A,1
37:36.3,-1.108166814,-0.123099498,-0.601444781,-0.121826172,-0.132568359,1.066650391,-5642.95459,2822.893555,5756.177246,#N/A,1
37:36.5,-0.613834262,-0.153429911,-0.377425402,-0.114501953,-0.082275391,1.224365234,-5656.087402,2813.30249,5762.091797,#N/A,1
37:36.7,0.09653604,-0.139062867,-0.08742407,0.017089844,-0.275878906,1.015136719,-5656.721191,2807.88501,5765.450195,#N/A,1
37:36.9,0.627584338,-0.043814726,-0.362526268,0.020996094,-0.217773438,0.998046875,-5655.437988,2806.90918,5765.808594,#N/A,1
37:37.1,-0.000308452,0.436150789,-1.157502413,-0.036376953,-0.068847656,0.940917969,-5665.333984,2809.339355,5762.59082,#N/A,1
37:37.3,0.008205349,0.150406361,-0.653059721,-0.004150391,-0.108398438,1.085693359,-5684.072266,2798.602783,5762.352539,#N/A,1
